Article,www.example.com,This site has examples
Stuff,www.stuff.com,This site has stuff
Title,www.title.com,This site has titles
boston,www.boston.com,It's about Boston!
salt,www.salt.com,Salt makes things better
Math,www.math.com,it's math!
Bees,www.bees.com,Everything you need to know about bees!
asdfasdf,www.boston.com,asdfasdfasdfasdfasdfasdfasdf
test,www.boston.com,testestestetetsetsetsetestset
asdf,www.boston.com,asdfasdfasdfasdfasdfasdfasdf
test,www.boston.com,asdfasdfasdfasdfasdfasdfasdf
asdfasfsdaf,www.boston.com,asdfasdfasdfasdfasdfasdf
saltsaltsaltsalt,www.salt.com,saltasaltasfasdfasdfasdf
stuff,www.stuff1.com,ssssssssssssssssssssssssssss
asdfasdf,www.food.com,asdfasdfasdfasdfasdfdsf
